{"N_rxn": 4, "N_cpd": 6, "N_grp": 4, "S": [[0.0, 0.0, 0.0, -1.0], [0.0, 0.0, 0.0, -1.0], [0.0, 0.0, 0.0, 2.0], [0.0, 0.0, -1.0, 0.0], [0.0, -1.0, -1.0, 0.0], [1.0, 1.0, 2.0, 0.0]], "G": [[1.0, 0.0, 0.0, 0.0], [0.0, 1.0, 0.0, 0.0], [0.0, 0.0, 1.0, 0.0], [0.0, 0.0, 0.0, 1.0], [1.0, 1.0, 0.0, 0.0], [0.0, 0.0, 1.0, 1.0]], "true_theta": [-947.5830673096368, -678.3674990720746, -676.2464401281862, -1825.0772102511703, -1556.3397868957254, -2575.0934039848476], "true_gamma": [-900, -700, -700, -1910], "true_y": [-2575.0934039848476, -1018.7536170891221, -1768.7698108227994, 273.4576861253389], "R": [[1.0, 1.0, -2.0, 0.0, 0.0, 0.0], [0.0, 1.0, 0.0, 0.0, 0.0, 0.0], [0.0, 0.0, 1.0, 0.0, 0.0, 0.0], [0.0, 0.0, 0.0, 1.0, 0.0, 0.0], [0.0, 0.0, 0.0, 0.0, 1.0, 0.0], [0.0, 0.0, 0.0, 0.0, 0.0, 1.0]], "RG": [[1.0, 1.0, 0.0, 0.0], [0.0, 1.0, 0.0, 0.0], [0.0, 0.0, 1.0, 0.0], [0.0, 0.0, 0.0, 1.0]], "R_inv": [[1.0, -1.0, 2.0, 0.0, 0.0, 0.0], [0.0, 1.0, 0.0, 0.0, 0.0, 0.0], [0.0, 0.0, 1.0, 0.0, 0.0, 0.0], [0.0, 0.0, 0.0, 1.0, 0.0, 0.0], [0.0, 0.0, 0.0, 0.0, 1.0, 0.0], [0.0, 0.0, 0.0, 0.0, 0.0, 1.0]], "RG_inv": [[1.0, -1.0, 0.0, 0.0], [0.0, 1.0, 0.0, 0.0], [0.0, 0.0, 1.0, 0.0], [0.0, 0.0, 0.0, 1.0]], "y": [-2588.6354840705926, -1019.1183090917646, -1768.4334984335226, 272.70030685080735], "sigma": [20, 1, 1, 1], "prior_theta": [[-900, -700, -600, -2000, -1400, -2700], [400, 400, 400, 400, 400, 400]], "prior_gamma": [[-1000, -700, -600, -2000], [400, 400, 400, 400]], "prior_tau": [50, 20]}